{"cameraMode":{"drawMode":0,"name":"Shaded","section":"Shading Mode"},"sceneLighting":false,"audioPlay":false,"sceneViewState":{"showFog":false,"showMaterialUpdate":false,"showSkybox":false,"showFlares":false,"showImageEffects":false,"showParticleSystems":false},"in2DMode":false,"pivot":{"x":0.023172855377197267,"y":0.7734616994857788,"z":-0.03200000524520874},"rotation":{"x":-0.06198814883828163,"y":0.19983190298080445,"z":-0.012667912989854813,"w":-0.9777854084968567},"size":2.8657686710357668,"orthographic":false}