{"cameraMode":{"drawMode":0,"name":"Shaded","section":"Shading Mode"},"sceneLighting":true,"audioPlay":false,"sceneViewState":{"showFog":false,"showMaterialUpdate":false,"showSkybox":false,"showFlares":false,"showImageEffects":false,"showParticleSystems":false},"in2DMode":false,"pivot":{"x":-1.5827000141143799,"y":1.437999963760376,"z":0.5972055792808533},"rotation":{"x":-0.06198814883828163,"y":0.19983190298080445,"z":-0.012667912989854813,"w":-0.9777854084968567},"size":3.911362648010254,"orthographic":false}