{"cameraMode":{"drawMode":0,"name":"Shaded","section":"Shading Mode"},"sceneLighting":true,"audioPlay":false,"sceneViewState":{"showFog":false,"showMaterialUpdate":false,"showSkybox":false,"showFlares":false,"showImageEffects":false,"showParticleSystems":false},"in2DMode":false,"pivot":{"x":9.930346488952637,"y":-6.635134696960449,"z":3.7714920043945314},"rotation":{"x":-0.24048948287963868,"y":-0.5236538648605347,"z":0.1570136398077011,"w":-0.8020586967468262},"size":17.871253967285158,"orthographic":false}