{"cameraMode":{"drawMode":0,"name":"Shaded","section":"Shading Mode"},"sceneLighting":true,"audioPlay":false,"sceneViewState":{"showFog":false,"showMaterialUpdate":false,"showSkybox":false,"showFlares":false,"showImageEffects":false,"showParticleSystems":false},"in2DMode":false,"pivot":{"x":-0.9479687213897705,"y":-1.6342289447784424,"z":5.517280101776123},"rotation":{"x":-0.19240702688694,"y":0.1282348930835724,"z":-0.025368425995111467,"w":-0.9725697636604309},"size":7.812124252319336,"orthographic":false}