{"cameraMode":{"drawMode":0,"name":"Shaded","section":"Shading Mode"},"sceneLighting":true,"audioPlay":false,"sceneViewState":{"showFog":false,"showMaterialUpdate":false,"showSkybox":false,"showFlares":false,"showImageEffects":false,"showParticleSystems":false},"in2DMode":false,"pivot":{"x":9.52893352508545,"y":-0.07819747924804688,"z":7.0807647705078129},"rotation":{"x":-0.021716643124818803,"y":-0.44909560680389407,"z":0.010920649394392968,"w":-0.8931530117988586},"size":16.35373306274414,"orthographic":false}