{"cameraMode":{"drawMode":0,"name":"Shaded","section":"Shading Mode"},"sceneLighting":true,"audioPlay":false,"sceneViewState":{"showFog":false,"showMaterialUpdate":false,"showSkybox":false,"showFlares":false,"showImageEffects":false,"showParticleSystems":false},"in2DMode":false,"pivot":{"x":5.774562835693359,"y":-6.556861877441406,"z":-1.3719435930252076},"rotation":{"x":-0.2997896373271942,"y":-0.594443678855896,"z":0.2540023624897003,"w":-0.7016022205352783},"size":16.553138732910158,"orthographic":false}