{"cameraMode":{"drawMode":0,"name":"Shaded","section":"Shading Mode"},"sceneLighting":true,"audioPlay":false,"sceneViewState":{"showFog":false,"showMaterialUpdate":false,"showSkybox":false,"showFlares":false,"showImageEffects":false,"showParticleSystems":false},"in2DMode":false,"pivot":{"x":3.402160167694092,"y":-3.0023112297058107,"z":4.711587905883789},"rotation":{"x":-0.22080105543136598,"y":-0.2618824243545532,"z":0.06168116629123688,"w":-0.937475323677063},"size":10.913419723510743,"orthographic":false}